<?xml version="1.0" encoding="UTF-8"?>
<model package="modtimetable" baseClass="xPDOObject" platform="mysql" defaultEngine="MyISAM" phpdoc-package="modtimetable" version="1.1">

    <object class="modTimetableTimetable" table="modtimetable_timetables" extends="xPDOSimpleObject">
        <field key="name" dbtype="varchar" precision="100" phptype="string" null="false" default="" />
        <field key="description" dbtype="text" phptype="text" null="false" default="" />
        <field key="image" dbtype="text" phptype="string" null="true" />
        <field key="link" dbtype="text" phptype="string" null="true" />
        <field key="active" dbtype="tinyint" precision="1" phptype="integer" null="false" default="1"/>
        <field key="position" dbtype="int" precision="10" phptype="integer" null="true"/>
        <composite alias="TimetableDay" class="modTimetableDay" local="id" foreign="timetable_id" cardinality="many" owner="local" />
    </object>
    <object class="modTimetableDay" table="modtimetable_days" extends="xPDOSimpleObject">
        <field key="timetable_id" dbtype="int" precision="10" phptype="integer" null="false"/>
        <field key="name" dbtype="varchar" precision="100" phptype="string" null="false" default="" />
        <field key="description" dbtype="text" phptype="text" null="false" default="" />
        <field key="image" dbtype="text" phptype="string" null="true" />
        <field key="link" dbtype="text" phptype="string" null="true" />
        <field key="active" dbtype="tinyint" precision="1" phptype="integer" null="false" default="1"/>
        <field key="position" dbtype="int" precision="10" phptype="integer" null="true"/>
        <aggregate alias="TimetableTimetable" class="modTimetableTimetable" local="timetable_id" foreign="id" cardinality="one" owner="foreign" />
        <composite alias="TimetableSession" class="modTimetableSession" local="id" foreign="day_id" cardinality="many" owner="local" />
    </object>
    <object class="modTimetableSession" table="modtimetable_sessions" extends="xPDOSimpleObject">
        <field key="day_id" dbtype="int" precision="10" phptype="integer" null="false"/>
        <field key="name" dbtype="varchar" precision="100" phptype="string" null="false" default="" />
        <field key="teacher" dbtype="varchar" precision="100" phptype="string" null="true" />
        <field key="price" dbtype="decimal" precision="100" phptype="string" null="true" />
        <field key="start_time" dbtype="varchar" precision="100" phptype="string" null="true" />
        <field key="end_time" dbtype="varchar" precision="100" phptype="string" null="true" />
        <field key="description" dbtype="text" phptype="text" null="false" default="" />
        <field key="image" dbtype="text" phptype="string" null="true" />
        <field key="link" dbtype="text" phptype="string" null="true" />
        <field key="active" dbtype="tinyint" precision="1" phptype="integer" null="false" default="1"/>
        <field key="position" dbtype="int" precision="10" phptype="integer" null="true"/>
        <aggregate alias="TimetableDay" class="modTimetableDay" local="day_id" foreign="id" cardinality="one" owner="foreign" />
    </object>

</model>